ID,Nombre,Descripci√≥n,Activo,Triggers,Respuesta,Categor√≠a,Requiere Fecha,Requiere Tipo de Habitaci√≥n,Requiere Ocupaci√≥n,Fecha de Creaci√≥n,Fecha de Actualizaci√≥n
1,Saludo,Saludo a los clientes,true,"""\""[\\\""buen dia\\\"",\\\""buenas\\\"",\\\""hola\\\"",\\\""saludos\\\"",\\\""que tal\\\""]\""""","Hola, Buen dia!  üòäüëã ¬°Te comunicaste con el Hotel Pe√±a Linda! ‚õ±üçπ 

Para informaci√≥n sobre estadia, por favor indicanos los siguientes datos ü•∞

* Fecha de check-in y check-out
* Cantidad de personas
* Si hay ni√±os¬†incluir¬†edades",greeting,false,false,false,Thu Jan 09 2025 20:24:41 GMT-0500 (hora est√°ndar de Per√∫),Fri Jan 17 2025 19:24:53 GMT-0500 (hora est√°ndar de Per√∫)
2,tarifa,plantilla para contizaciones,true,"[""consultar"",""tarifas"",""precio"",""costo"",""cuesta""]","Del check-in al check-out del mes.

Bungalow Piso superior  con vista al mar 
Balc√≥n privado con vista al mar
2 personas

Tarifa especial x noche: S/. 342
Tarifa x 2 noches: S/.684
IGV: S/. 68.4
Total: S/. 752.4

Incluye desayunos + 1 ronda de chilcano pisco de cortesia ‚ù§

Oferta v√°lida por tiempo limitado Reserva HOY abonando el 50% y obt√©n 25% de descuento en tarifa + 10% de descuento en consumos ü•≥

Tarifa con descuento: S/.564.3

V√ÅLIDO SOLO SI RESERVA HOY ABONANDO EL 50%

FOTOS REFERENCIALES¬†üëá",rates,false,false,false,Thu Jan 09 2025 20:25:36 GMT-0500 (hora est√°ndar de Per√∫),Fri Jan 17 2025 19:24:53 GMT-0500 (hora est√°ndar de Per√∫)
3,Medios de pago,Nuestro medios de pago,true,"[""medios de pago"",""como pagar"",""donde pagar"",""cuentas"",""link de pago""]","Nuestros medios de pago son: transferencias o pagos con tarjetas. Disponemos de un link de Izipay que acepta todo tipo de tarjetas üòä

Nuestro check in es a las 3:00pm  y el check out a las 12:00 mediodia El hotel cuenta con piscina, restaurante, estacionamiento y Wi-Fi en el hotel.

‚ÄºTodas nuestras habitaciones cuentan con TV Directv, ventilador, ba√±o con agua caliente, amplio balc√≥n con una excelente vista a nuestra playa y frigobar. (NO se aceptan mascotas)‚Äº

NOTA  En caso necesite mayor cobertura de wifi, solo debe acercarse a terraza¬†(recepci√≥n)",payment,false,false,false,Thu Jan 09 2025 20:26:19 GMT-0500 (hora est√°ndar de Per√∫),Fri Jan 17 2025 19:24:53 GMT-0500 (hora est√°ndar de Per√∫)
4,promocion,plantilla de tarifa con descuento promocional,true,"[""promo"",""oferta"",""descuento""]","PROMO FLASH VALIDO HOY POR POCAS HORAS‚ö°

Reserva abonando el 100% el dia de HOY y obtienes un 30% de descuento en el total de la reserva!!ü•≥ 

TOTAL CON DESCUENTO: S/. 491,92


‚ö† OFERTA VALIDA SOLO ABONANDO¬†HOY¬†EL¬†100%¬†‚ö†",discount,false,false,false,Thu Jan 09 2025 20:27:10 GMT-0500 (hora est√°ndar de Per√∫),Fri Jan 17 2025 19:24:53 GMT-0500 (hora est√°ndar de Per√∫)
5,Informaci√≥n General,"Bienvenido a Pe√±a Linda Bungalows, un para√≠so frente al mar en M√°ncora, Per√∫. Ofrecemos una experiencia √∫nica de relajaci√≥n y confort en un entorno natural incomparable.",true,"[""informaci√≥n del hotel"",""detalles del hotel"",""sobre el hotel""]","Bienvenido a Pe√±a Linda Bungalows. Somos un hotel ubicado entre los balnearios de Las Pocitas y Vichayito en M√°ncora, Per√∫. Ofrecemos bungalows con vistas al mar, piscina al aire libre y una variedad de servicios para garantizar una estancia placentera. ¬øEn qu√© podemos ayudarte hoy?",information,false,false,false,Tue Jan 14 2025 22:44:56 GMT-0500 (hora est√°ndar de Per√∫),Fri Jan 17 2025 19:19:09 GMT-0500 (hora est√°ndar de Per√∫)
6,Ubicaci√≥n,"Pe√±a Linda Bungalows se encuentra en la Antigua Panamericana Norte Km. 1213, entre los balnearios de Las Pocitas y Vichayito, M√°ncora 20840, Per√∫.",true,"[""ubicaci√≥n"",""direcci√≥n"",""c√≥mo llegar""]","Nos encontramos en la Antigua Panamericana Norte Km. 1213, entre los balnearios de Las Pocitas y Vichayito en M√°ncora, Per√∫. Es un lugar perfecto para disfrutar de la playa y el sol. ¬øNecesitas indicaciones para llegar o alguna informaci√≥n adicional sobre nuestra ubicaci√≥n?",location,false,false,false,Tue Jan 14 2025 22:45:29 GMT-0500 (hora est√°ndar de Per√∫),Fri Jan 17 2025 19:24:53 GMT-0500 (hora est√°ndar de Per√∫)
7,Habitaciones,"Ofrecemos bungalows con vistas al mar, equipados con ducha caliente, frigobar, TV satelital, ventilador y WiFi en √°reas comunes.",true,"[""habitaciones"",""bungalows"",""tipos de habitaciones""]","En Pe√±a Linda Bungalows, ofrecemos bungalows con vistas al mar, equipados con ducha caliente, frigobar, TV satelital, ventilador y WiFi en √°reas comunes. ¬øTe gustar√≠a conocer la disponibilidad o los precios para una fecha espec√≠fica?",room,false,false,false,Tue Jan 14 2025 22:46:03 GMT-0500 (hora est√°ndar de Per√∫),Fri Jan 17 2025 19:24:53 GMT-0500 (hora est√°ndar de Per√∫)
8,Servicios,"Disfruta de nuestra piscina al aire libre rodeada de palmeras, desayuno gratuito y traslado al aeropuerto. ",true,"[""servicios"",""comodidades""]","En Pe√±a Linda Bungalows, contamos con una piscina al aire libre rodeada de palmeras, desayuno gratuito y ofrecemos servicios de traslado al aeropuerto. Adem√°s, nuestras habitaciones est√°n equipadas con TV por cable o v√≠a sat√©lite y WiFi gratis. ¬øHay alg√∫n servicio en particular sobre el que desees m√°s informaci√≥n?",service,false,false,false,Tue Jan 14 2025 22:46:33 GMT-0500 (hora est√°ndar de Per√∫),Fri Jan 17 2025 19:24:53 GMT-0500 (hora est√°ndar de Per√∫)
9,Reservas," Para realizar una reserva, por favor proporciona las fechas de check-in y check-out, n√∫mero de personas y si hay ni√±os, sus edades.",true,"[""reserva"",""c√≥mo reservar"",""disponibilidad""]","Para ayudarte con tu reserva en Pe√±a Linda Bungalows, por favor ind√≠canos las fechas de check-in y check-out, la cantidad de personas y, si viajas con ni√±os, sus edades. Con esta informaci√≥n, podremos verificar la disponibilidad y ofrecerte las mejores opciones para tu estancia.",booking,false,false,false,Tue Jan 14 2025 22:47:14 GMT-0500 (hora est√°ndar de Per√∫),Fri Jan 17 2025 19:24:53 GMT-0500 (hora est√°ndar de Per√∫)
10,Pol√≠ticas,"Nuestras pol√≠ticas incluyen horarios de check-in a las 15:00 y check-out a las 12:00, y el desayuno se sirve de 8:30 am a 10:30 am.",true,"[""pol√≠ticas"",""reglas del hotel"",""horarios""]","En Pe√±a Linda Bungalows, el check-in es a las 15:00 y el check-out a las 12:00. El desayuno se sirve de 8:30 am a 10:30 am. Si tienes alguna consulta espec√≠fica sobre nuestras pol√≠ticas, no dudes en preguntar.",policies,false,false,false,Tue Jan 14 2025 22:47:43 GMT-0500 (hora est√°ndar de Per√∫),Fri Jan 17 2025 19:24:53 GMT-0500 (hora est√°ndar de Per√∫)
11,Contacto,Puedes contactarnos a trav√©s de nuestro correo electr√≥nico penalinda@yahoo.com o al WhatsApp de reservas +51 977 453 232.,true,"[""contacto"",""informaci√≥n de contacto"",""c√≥mo comunicarse""]",Puedes contactarnos a trav√©s de nuestro correo electr√≥nico penalinda@yahoo.com o al WhatsApp de reservas +51 977 453 232. Estamos aqu√≠ para ayudarte con cualquier consulta que tengas.,contact,false,false,false,Tue Jan 14 2025 22:48:18 GMT-0500 (hora est√°ndar de Per√∫),Fri Jan 17 2025 19:24:53 GMT-0500 (hora est√°ndar de Per√∫)
12,Reserva en Pe√±a Linda Bungalows,Informaci√≥n sobre c√≥mo realizar una reserva en Pe√±a Linda Bungalows a trav√©s de nuestra p√°gina web.,true,"""\""\\\""[\\\\\\\""reservar\\\\\\\"",\\\\\\\""reserva\\\\\\\"",\\\\\\\""web\\\\\\\"",\\\\\\\""penalinda.sirvoy.me\\\\\\\""]\\\""\""""","Gracias por tu inter√©s en hospedarte en Pe√±a Linda Bungalows. Para realizar una reserva, sigue estos pasos:

Visita nuestra p√°gina web: Ingresa a www.penalindamancora.com.

Selecciona las fechas: En la secci√≥n de reservas, ingresa tu fecha de llegada y salida, y el n√∫mero de hu√©spedes para consultar la disponibilidad y tarifas.

Elige tu bungalow: Selecciona el tipo de habitaci√≥n que prefieras seg√∫n tus necesidades.

Completa tus datos: Proporciona la informaci√≥n solicitada para confirmar la reserva.

Realiza el pago: Sigue las instrucciones para efectuar el pago correspondiente.

Si prefieres, tambi√©n puedes reservar directamente a trav√©s de nuestro sistema en penalinda.sirvoy.me.

Para m√°s detalles, puedes contactarnos al correo penalinda@yahoo.com o al WhatsApp +51 977 453 232.

¬°Te esperamos para que disfrutes de una experiencia inolvidable en nuestras instalaciones frente al mar! üèñÔ∏èüåä",information,false,false,false,Tue Jan 14 2025 22:49:58 GMT-0500 (hora est√°ndar de Per√∫),Fri Jan 17 2025 19:18:30 GMT-0500 (hora est√°ndar de Per√∫)
